sample_id,arch_code,sample_node,energy
1,"[0, 1, 0, 1, 1, 0, 2, 5, 1, 2, 3, 3]",random,-1.2095862025421709
2,"[1, 1, 1, 0, 0, 0, 3, 0, 0, 5, 0, 4]",random,-0.3191941923637234
3,"[1, 1, 1, 1, 1, 0, 4, 3, 0, 2, 1, 3]",random,-0.7874531311632099
4,"[1, 1, 1, 1, 0, 0, 4, 2, 0, 4, 1, 2]",random,-1.1283933856345436
5,"[1, 0, 1, 0, 1, 1, 2, 5, 3, 0, 1, 1]",random,-0.6589499254806073
6,"[0, 1, 1, 1, 0, 1, 5, 4, 3, 2, 5, 4]",random,-1.0104109718592036
7,"[0, 0, 1, 0, 0, 1, 1, 5, 5, 4, 0, 3]",random,-0.7597771818367273
8,"[0, 1, 1, 1, 1, 0, 2, 3, 0, 1, 5, 1]",random,-1.144700727256995
9,"[0, 1, 1, 1, 1, 1, 4, 0, 1, 0, 1, 0]",random,-0.6264847074495274
10,"[1, 0, 1, 1, 1, 1, 4, 4, 4, 2, 1, 0]",random,-1.132335252889704
11,"[1, 0, 1, 1, 1, 1, 3, 5, 5, 2, 2, 3]",random,-1.0437368194775394
12,"[0, 0, 1, 1, 1, 1, 5, 3, 5, 4, 2, 2]",random,-0.056265147825720244
13,"[0, 1, 0, 1, 0, 0, 5, 5, 1, 1, 3, 1]",random,-1.2434819983334224
14,"[0, 1, 0, 0, 0, 1, 4, 3, 5, 1, 2, 0]",random,-0.7804615274463682
15,"[0, 0, 1, 1, 1, 1, 4, 3, 5, 1, 3, 1]",random,-0.42428482203960644
16,"[1, 1, 0, 0, 1, 0, 4, 4, 4, 5, 0, 1]",random,-0.8175677758029638
17,"[0, 0, 0, 0, 0, 1, 3, 0, 5, 0, 3, 1]",random,-0.7220795319550585
18,"[1, 0, 0, 1, 0, 1, 2, 2, 5, 4, 2, 3]",random,-0.629783944053217
19,"[0, 0, 0, 1, 1, 0, 1, 4, 3, 2, 1, 2]",random,-1.1586444172971364
20,"[1, 0, 1, 0, 0, 1, 1, 3, 5, 2, 3, 3]",random,-0.46975153686512555
21,"[1, 0, 1, 0, 0, 0, 1, 0, 5, 4, 3, 2]",random,-0.6900584613855487
22,"[1, 0, 0, 0, 1, 0, 4, 2, 5, 5, 1, 2]",random,-0.6967406611361837
23,"[1, 0, 1, 0, 1, 1, 1, 3, 0, 4, 3, 1]",random,-0.7290724852283494
24,"[1, 0, 1, 1, 0, 0, 3, 5, 4, 5, 3, 0]",random,-0.4415758630377779
25,"[0, 1, 0, 1, 0, 1, 5, 5, 1, 2, 5, 1]",random,-0.5440939881586088
26,"[1, 1, 0, 1, 0, 0, 4, 0, 1, 0, 3, 0]",random,-0.8660578313852267
27,"[1, 0, 0, 0, 0, 1, 1, 3, 3, 4, 0, 3]",random,-0.15643889277473724
28,"[0, 0, 0, 0, 1, 0, 2, 5, 0, 5, 3, 1]",random,-0.5881993613519042
29,"[1, 1, 0, 1, 1, 1, 5, 3, 4, 4, 2, 3]",random,-0.545567627457803
30,"[1, 1, 1, 1, 0, 1, 1, 2, 0, 5, 2, 4]",random,-1.2816816517656198
31,"[0, 1, 1, 1, 0, 1, 5, 3, 4, 0, 0, 4]",random,-1.2514720221917839
32,"[1, 0, 1, 1, 0, 1, 1, 2, 0, 5, 2, 2]",random,-0.5307528873032068
33,"[0, 0, 0, 0, 1, 1, 2, 3, 3, 5, 2, 2]",random,-0.8827401832854525
34,"[1, 1, 0, 1, 0, 1, 2, 3, 4, 2, 0, 3]",random,-0.6822693640070588
35,"[0, 0, 0, 0, 1, 0, 1, 2, 1, 5, 3, 0]",random,-0.7078165922600009
36,"[1, 0, 1, 0, 0, 0, 2, 0, 3, 2, 2, 4]",random,-0.6501178546976932
37,"[1, 1, 1, 1, 0, 1, 1, 5, 4, 0, 5, 0]",random,-0.7412222988247161
38,"[0, 0, 1, 0, 1, 1, 2, 2, 3, 5, 2, 2]",random,-0.7281490962668383
39,"[1, 1, 1, 1, 1, 0, 5, 2, 5, 1, 1, 3]",random,-0.43329921398380505
40,"[0, 1, 0, 1, 0, 0, 5, 5, 5, 4, 1, 3]",random,-0.605643495484012
41,"[0, 0, 0, 1, 0, 1, 2, 5, 1, 1, 2, 1]",random,-0.9754280644488016
42,"[1, 1, 0, 1, 0, 0, 4, 4, 5, 4, 5, 3]",random,-1.0210329945011936
43,"[1, 0, 1, 1, 0, 1, 3, 2, 3, 4, 1, 2]",random,-0.9734375592288533
44,"[1, 1, 1, 1, 0, 1, 5, 0, 4, 4, 5, 4]",random,-0.6748983725462406
45,"[1, 0, 1, 1, 0, 0, 4, 3, 4, 2, 3, 1]",random,-0.7989818435327015
46,"[1, 0, 0, 0, 0, 0, 3, 4, 0, 0, 1, 0]",random,-0.13243548743377637
47,"[0, 0, 1, 1, 0, 1, 2, 5, 1, 2, 0, 4]",random,-0.7922046008556258
48,"[1, 1, 1, 1, 1, 1, 1, 3, 0, 2, 5, 3]",random,-0.9607275539802289
49,"[0, 0, 1, 1, 1, 0, 2, 2, 4, 1, 0, 1]",random,-0.42462058648215617
50,"[1, 0, 0, 0, 0, 0, 1, 3, 3, 1, 2, 3]",random,-0.7658089501457606
51,"[1, 1, 0, 0, 1, 0, 3, 0, 3, 2, 1, 2]",random,-1.0001432293527468
52,"[1, 1, 1, 0, 1, 0, 4, 4, 5, 4, 3, 2]",random,-0.8893140422835526
53,"[1, 0, 1, 1, 0, 0, 4, 3, 5, 2, 5, 3]",random,-1.1875131200360811
54,"[1, 0, 0, 1, 1, 1, 4, 0, 5, 0, 0, 1]",random,-1.1872347404922357
55,"[0, 1, 1, 0, 1, 1, 2, 3, 5, 5, 3, 3]",random,-0.1484942518990389
56,"[1, 0, 0, 1, 1, 1, 2, 4, 0, 0, 0, 4]",random,-1.2067407933229846
57,"[0, 1, 1, 1, 0, 1, 4, 5, 3, 2, 0, 4]",random,-0.8162436753339214
58,"[1, 0, 0, 0, 0, 0, 2, 0, 3, 4, 0, 4]",random,-0.6630480589308009
59,"[1, 0, 0, 1, 0, 1, 1, 2, 4, 4, 1, 2]",random,-0.6541821288679291
60,"[1, 0, 0, 1, 0, 0, 5, 5, 3, 1, 3, 1]",random,-0.7842990137562867
61,"[1, 1, 1, 0, 0, 0, 5, 2, 1, 4, 5, 3]",random,-0.2711656434731013
62,"[1, 0, 0, 0, 0, 0, 4, 3, 5, 0, 0, 1]",random,-0.6836031443292448
63,"[0, 0, 0, 0, 0, 0, 4, 3, 1, 2, 5, 1]",random,-1.1895215359309552
64,"[0, 1, 1, 1, 1, 1, 4, 0, 1, 2, 0, 4]",random,-0.8294286645258624
65,"[1, 1, 1, 1, 1, 1, 3, 3, 4, 2, 3, 2]",random,-0.7548266905656353
66,"[1, 1, 1, 1, 1, 0, 5, 5, 0, 1, 5, 3]",random,-0.8186208504054133
67,"[0, 1, 0, 1, 1, 0, 2, 4, 0, 2, 0, 0]",random,-0.5114501376159564
68,"[0, 0, 0, 1, 0, 1, 5, 2, 5, 4, 1, 4]",random,-0.8363108493994644
69,"[1, 0, 1, 1, 1, 1, 1, 0, 0, 4, 0, 1]",random,-0.5685643010125716
70,"[0, 1, 1, 0, 1, 1, 3, 4, 1, 2, 1, 2]",random,-0.8532145155223467
71,"[1, 0, 0, 0, 1, 0, 2, 3, 0, 1, 3, 2]",random,-0.5560624989112759
72,"[1, 1, 0, 0, 0, 0, 5, 2, 3, 1, 0, 2]",random,-0.7765537530064875
73,"[0, 0, 0, 0, 1, 0, 1, 2, 5, 4, 2, 4]",random,-0.8462252752464378
74,"[0, 1, 1, 1, 1, 0, 3, 4, 4, 5, 0, 3]",random,-0.566145938784737
75,"[0, 1, 0, 1, 1, 1, 5, 5, 0, 2, 2, 4]",random,-0.7634661925651146
76,"[1, 1, 1, 1, 1, 0, 3, 5, 1, 0, 1, 0]",random,-0.5850521512420795
77,"[1, 0, 0, 0, 1, 0, 3, 4, 4, 4, 0, 3]",random,-1.2044513552633909
78,"[1, 1, 1, 1, 1, 0, 5, 4, 3, 2, 2, 0]",random,-1.200026090032376
79,"[1, 1, 0, 1, 1, 1, 2, 2, 4, 1, 5, 0]",random,-0.26489784750623124
80,"[1, 1, 0, 1, 1, 1, 5, 3, 4, 4, 2, 1]",random,-0.6903649882404875
81,"[1, 1, 1, 0, 1, 1, 5, 5, 0, 1, 2, 1]",random,-0.38266851901317867
82,"[1, 0, 0, 1, 0, 1, 1, 0, 4, 1, 0, 3]",random,-0.3726377365343656
83,"[1, 0, 1, 0, 0, 0, 3, 5, 5, 1, 0, 3]",random,-1.0177464435740553
84,"[0, 0, 0, 0, 0, 1, 4, 5, 4, 1, 2, 0]",random,-0.22569065039928024
85,"[0, 1, 1, 1, 0, 1, 5, 5, 5, 0, 3, 2]",random,-1.1325877645494884
86,"[1, 0, 0, 1, 0, 1, 5, 4, 5, 5, 1, 4]",random,-0.9399410417956398
87,"[0, 1, 1, 0, 0, 0, 1, 2, 4, 2, 0, 3]",random,-0.6105496521974033
88,"[1, 1, 1, 1, 1, 0, 5, 0, 5, 1, 2, 2]",random,-1.0939005242821758
89,"[0, 0, 0, 0, 1, 0, 5, 5, 5, 1, 2, 2]",random,-1.0287635603842702
90,"[1, 1, 0, 0, 0, 0, 4, 4, 4, 4, 2, 2]",random,-1.1977602984265743
91,"[1, 0, 1, 1, 0, 1, 5, 5, 5, 2, 5, 1]",random,-1.220726589233239
92,"[1, 1, 0, 0, 0, 1, 4, 2, 3, 5, 2, 3]",random,-1.1526252080229586
93,"[1, 0, 1, 0, 0, 0, 5, 5, 5, 2, 2, 1]",random,-0.6453989100677807
94,"[1, 1, 0, 0, 1, 0, 1, 4, 1, 4, 3, 4]",random,-0.8746071870072948
95,"[0, 1, 1, 0, 0, 1, 4, 4, 5, 1, 3, 0]",random,-1.0534711510026615
96,"[1, 0, 1, 1, 1, 0, 5, 5, 1, 4, 2, 4]",random,-0.8974029065254163
97,"[0, 0, 1, 0, 1, 1, 4, 0, 4, 2, 3, 4]",random,-1.1877512116071085
98,"[1, 0, 0, 1, 1, 0, 1, 2, 3, 5, 0, 0]",random,-0.39050147697227805
99,"[1, 0, 1, 1, 1, 1, 1, 2, 0, 5, 2, 2]",random,-0.9662527661876212
100,"[0, 0, 1, 1, 0, 1, 3, 2, 4, 5, 0, 1]",random,-0.7551001540924049
101,"[1, 1, 0, 0, 0, 0, 3, 0, 1, 1, 5, 1]",random,-0.3850449249709317
102,"[0, 0, 1, 1, 0, 1, 4, 4, 3, 5, 0, 3]",random,-0.916112621848896
103,"[0, 0, 1, 1, 1, 1, 1, 4, 1, 0, 2, 0]",random,-1.2306285777423842
104,"[0, 1, 1, 0, 0, 1, 3, 5, 0, 2, 3, 1]",random,-0.5133967297020657
105,"[0, 1, 0, 1, 1, 1, 1, 4, 5, 2, 1, 2]",random,-0.7969540727347885
106,"[0, 0, 1, 1, 0, 1, 2, 0, 1, 2, 5, 0]",random,-0.8059993576061038
107,"[0, 1, 1, 0, 0, 1, 4, 4, 0, 0, 3, 3]",random,-0.795412506902754
108,"[1, 1, 1, 0, 0, 0, 1, 4, 3, 5, 3, 0]",random,-0.7088842236421297
109,"[0, 1, 1, 0, 0, 1, 5, 3, 3, 4, 2, 2]",random,-0.955220196409965
110,"[1, 0, 1, 1, 1, 1, 4, 4, 0, 4, 0, 4]",random,-0.38305595437856005
111,"[0, 0, 0, 1, 0, 0, 4, 5, 4, 0, 5, 1]",random,-0.599766653008522
112,"[0, 0, 1, 0, 1, 0, 5, 5, 1, 0, 5, 4]",random,-0.7404522406102885
113,"[1, 1, 0, 1, 0, 1, 3, 3, 5, 2, 2, 2]",random,-0.7008984586283936
114,"[0, 1, 0, 0, 1, 0, 1, 3, 0, 2, 1, 3]",random,-0.7459460456438283
115,"[1, 1, 0, 0, 1, 1, 5, 5, 4, 0, 5, 0]",random,-0.33940534512024045
116,"[0, 0, 1, 0, 0, 1, 1, 3, 4, 2, 2, 1]",random,-0.4723169979510133
117,"[0, 1, 1, 1, 0, 1, 2, 5, 4, 5, 5, 3]",random,-0.738251939738459
118,"[0, 1, 0, 0, 0, 1, 3, 3, 3, 0, 2, 4]",random,-0.6262871720075752
119,"[1, 1, 1, 0, 1, 1, 2, 2, 4, 5, 0, 2]",random,-0.7197970350305538
120,"[0, 0, 1, 1, 0, 0, 2, 3, 0, 2, 5, 2]",random,-1.1594502758024468
121,"[1, 0, 1, 0, 1, 1, 2, 3, 3, 2, 2, 1]",random,-0.8732771599125854
122,"[1, 0, 0, 0, 0, 1, 2, 3, 5, 4, 2, 1]",random,-0.5906069516076139
123,"[0, 0, 0, 1, 0, 0, 3, 5, 4, 2, 0, 2]",random,-0.07796302691784347
124,"[0, 0, 0, 1, 1, 1, 5, 2, 3, 5, 0, 2]",random,-0.5454580456215593
125,"[0, 1, 1, 0, 1, 0, 4, 0, 1, 0, 1, 0]",random,-0.6913846694226312
126,"[0, 0, 1, 0, 0, 0, 1, 0, 0, 0, 1, 3]",random,-0.5437360902129639
127,"[0, 1, 0, 0, 1, 0, 4, 2, 0, 2, 2, 2]",random,-0.5426228948241765
128,"[0, 1, 1, 0, 0, 0, 4, 4, 4, 5, 2, 0]",random,-1.0255587738562821
129,"[0, 1, 1, 1, 1, 0, 1, 2, 5, 0, 1, 1]",random,-0.7213436367776274
130,"[0, 1, 1, 1, 0, 1, 3, 4, 3, 1, 1, 1]",random,-0.0023235236683892325
131,"[1, 0, 0, 0, 1, 1, 3, 2, 1, 5, 3, 4]",random,-0.696676867083846
132,"[0, 1, 0, 1, 0, 0, 5, 0, 4, 4, 5, 4]",random,-0.8339539769475748
133,"[0, 1, 1, 0, 1, 0, 4, 2, 4, 1, 3, 3]",random,-0.512933580033274
134,"[0, 0, 1, 1, 1, 0, 2, 3, 1, 5, 5, 1]",random,-0.7997909393874533
135,"[1, 1, 0, 1, 1, 0, 5, 2, 3, 1, 0, 0]",random,-0.4331865926444133
136,"[1, 1, 0, 1, 0, 0, 2, 3, 4, 4, 0, 1]",random,-1.2240840907629051
137,"[0, 1, 1, 1, 0, 1, 2, 2, 1, 5, 2, 0]",random,-0.34177431339908454
138,"[1, 1, 1, 0, 1, 0, 2, 5, 3, 2, 5, 3]",random,-0.7973450156397854
139,"[0, 0, 0, 0, 0, 0, 1, 3, 5, 1, 1, 0]",random,-1.2429152808265038
140,"[0, 1, 0, 1, 0, 1, 5, 4, 4, 1, 1, 0]",random,-0.9374342643371939
141,"[0, 0, 0, 0, 0, 1, 1, 2, 5, 2, 2, 1]",random,-1.2330764485396695
142,"[0, 0, 1, 1, 1, 0, 5, 0, 1, 1, 5, 0]",random,-1.280520595404371
143,"[1, 1, 0, 1, 0, 0, 1, 4, 4, 4, 1, 3]",random,-1.2086156806799235
144,"[1, 1, 0, 1, 0, 0, 1, 5, 5, 1, 2, 1]",random,0.017766429503023543
145,"[0, 0, 0, 1, 0, 1, 1, 2, 4, 0, 3, 3]",random,-0.4666548360972421
146,"[1, 1, 0, 0, 0, 0, 3, 4, 0, 0, 1, 2]",random,-0.6168084455001336
147,"[1, 0, 0, 0, 0, 1, 3, 5, 5, 0, 2, 4]",random,0.0682236192605197
148,"[1, 1, 1, 1, 0, 0, 5, 3, 3, 4, 0, 0]",random,-0.6454689775033413
149,"[0, 0, 0, 0, 1, 0, 5, 0, 0, 5, 0, 0]",random,-0.7780978598851102
150,"[0, 1, 0, 0, 1, 1, 4, 3, 3, 1, 2, 3]",random,-0.6542033723471422
151,"[0, 0, 1, 1, 0, 1, 5, 2, 3, 2, 0, 0]",random,-0.594103989434176
152,"[0, 0, 0, 1, 1, 1, 2, 0, 0, 1, 3, 2]",random,-0.4287890935585359
153,"[1, 0, 0, 1, 1, 1, 3, 3, 3, 5, 2, 3]",random,-0.7886862262870877
154,"[0, 0, 0, 0, 1, 1, 3, 2, 3, 2, 1, 3]",random,-0.4084812096847826
155,"[1, 0, 1, 0, 0, 0, 4, 4, 1, 5, 5, 0]",random,-0.9226436093944651
156,"[1, 1, 0, 0, 1, 0, 4, 2, 5, 0, 2, 3]",random,-1.1682648348292286
157,"[0, 1, 1, 0, 1, 0, 3, 3, 3, 2, 0, 2]",random,-0.8696836869986452
158,"[0, 0, 1, 1, 0, 1, 1, 2, 0, 2, 1, 1]",random,-0.4590267648081074
159,"[0, 0, 0, 0, 1, 0, 1, 4, 0, 2, 0, 1]",random,-1.1627280391950567
160,"[1, 0, 1, 1, 1, 0, 5, 3, 0, 1, 0, 2]",random,-0.9642872070307554
161,"[1, 1, 0, 1, 1, 0, 1, 3, 5, 4, 1, 2]",random,-0.8368182458697572
162,"[1, 1, 0, 1, 0, 1, 3, 3, 5, 5, 3, 2]",random,-1.1728493529735635
163,"[1, 1, 1, 0, 1, 0, 2, 2, 3, 2, 2, 4]",random,-0.9925423724963554
164,"[1, 0, 1, 1, 1, 1, 4, 3, 1, 0, 3, 0]",random,-1.2175416610449072
165,"[1, 0, 1, 0, 1, 0, 5, 4, 0, 5, 3, 1]",random,-0.5861276167584549
166,"[1, 1, 0, 1, 1, 1, 4, 2, 3, 0, 2, 1]",random,-0.8691323521621543
167,"[1, 1, 0, 0, 0, 0, 4, 3, 0, 0, 0, 4]",random,-1.2359389983991371
168,"[0, 0, 0, 1, 1, 0, 1, 5, 0, 2, 0, 0]",random,-1.2495727120089497
169,"[1, 1, 0, 0, 0, 1, 1, 5, 1, 4, 1, 2]",random,-0.6470222451908562
170,"[0, 1, 0, 0, 0, 0, 4, 5, 0, 0, 1, 4]",random,-0.6697030301753494
171,"[0, 0, 1, 0, 1, 0, 1, 0, 1, 0, 2, 2]",random,-0.6149240199950542
172,"[0, 1, 1, 1, 1, 0, 5, 2, 5, 1, 1, 0]",random,-0.5752651388844856
173,"[1, 0, 0, 0, 1, 1, 3, 5, 3, 4, 1, 2]",random,-0.6014691338298024
174,"[1, 1, 0, 0, 0, 0, 2, 2, 3, 5, 3, 1]",random,-0.6603657085925208
175,"[1, 1, 1, 0, 0, 0, 3, 4, 4, 4, 1, 3]",random,-0.8070722547660822
176,"[1, 1, 0, 0, 0, 0, 4, 5, 1, 1, 1, 3]",random,-0.6257751499115592
177,"[0, 0, 0, 1, 1, 1, 2, 3, 1, 4, 1, 2]",random,-1.1078781824035622
178,"[1, 1, 0, 0, 0, 0, 3, 3, 1, 2, 0, 2]",random,-0.549924965211916
179,"[1, 1, 1, 1, 0, 1, 5, 0, 5, 2, 2, 1]",random,-0.24936876481600997
180,"[1, 1, 0, 1, 1, 0, 4, 3, 4, 4, 3, 3]",random,-1.156328109280351
181,"[0, 1, 0, 1, 1, 1, 1, 5, 0, 0, 0, 4]",random,-0.8775263698674024
182,"[0, 0, 0, 1, 0, 1, 5, 4, 5, 0, 2, 2]",random,-0.7241347677073448
183,"[1, 0, 1, 0, 0, 1, 3, 3, 5, 1, 3, 1]",random,-0.815919730729517
184,"[1, 0, 1, 1, 0, 0, 5, 5, 0, 4, 2, 3]",random,-1.202428240862821
185,"[0, 0, 1, 1, 0, 1, 5, 3, 4, 4, 2, 1]",random,-1.174377286247504
186,"[1, 1, 0, 1, 1, 1, 2, 2, 1, 1, 0, 2]",random,-0.6314133228824753
187,"[0, 1, 1, 1, 0, 1, 1, 2, 3, 1, 0, 2]",random,-0.8851418388579313
188,"[1, 1, 0, 1, 0, 0, 5, 2, 5, 4, 3, 3]",random,-0.7688176186819422
189,"[1, 1, 1, 0, 0, 0, 5, 0, 5, 0, 1, 2]",random,-0.9544449965324578
190,"[0, 1, 1, 1, 1, 0, 5, 3, 3, 0, 0, 0]",random,-0.6119011482066277
191,"[0, 1, 1, 1, 1, 0, 1, 4, 5, 2, 3, 2]",random,-0.8356166574648711
192,"[1, 0, 1, 0, 0, 0, 3, 5, 5, 1, 1, 2]",random,-0.531059372392707
193,"[1, 0, 0, 0, 1, 0, 1, 2, 4, 4, 5, 3]",random,-0.4265379097079412
194,"[1, 0, 1, 1, 0, 0, 1, 4, 0, 4, 0, 0]",random,-1.1699915316801173
195,"[0, 1, 1, 0, 1, 1, 2, 0, 0, 2, 5, 1]",random,-0.9390482729752311
196,"[1, 0, 1, 1, 0, 0, 5, 0, 1, 2, 5, 1]",random,-0.4192131815163426
197,"[0, 0, 1, 1, 1, 0, 1, 4, 4, 1, 0, 3]",random,-1.1001057120379762
198,"[1, 0, 0, 0, 0, 1, 1, 3, 4, 5, 2, 2]",random,-0.5470020860084832
199,"[1, 1, 0, 1, 0, 1, 1, 0, 3, 4, 1, 2]",random,-1.0847359442902993
200,"[0, 1, 0, 0, 0, 0, 3, 0, 1, 0, 0, 4]",random,-1.007021831635733
201,"[1, 0, 0, 0, 1, 0, 2, 0, 4, 1, 0, 1]",25,-1.053171614900506
202,"[1, 1, 1, 0, 1, 0, 2, 0, 4, 0, 0, 2]",25,-1.232374986972711
203,"[1, 1, 1, 0, 1, 0, 1, 0, 3, 0, 2, 3]",25,-0.7273777755815128
204,"[0, 0, 0, 0, 1, 0, 1, 0, 3, 1, 2, 2]",25,-0.9928186597190339
205,"[1, 0, 0, 0, 1, 1, 1, 3, 4, 1, 2, 1]",25,0.06397372188867216
206,"[1, 1, 0, 0, 0, 1, 1, 2, 5, 1, 3, 3]",25,-0.46269204023219823
207,"[1, 0, 0, 0, 1, 0, 1, 0, 4, 1, 2, 3]",25,-0.8656445679688639
208,"[1, 1, 1, 0, 1, 1, 2, 0, 3, 1, 1, 2]",25,-1.0544300153312258
209,"[1, 1, 1, 0, 1, 0, 3, 0, 3, 2, 0, 2]",25,-0.5912291292612835
210,"[1, 1, 1, 0, 0, 0, 1, 0, 3, 1, 1, 2]",25,-0.1742422629154979
211,"[1, 1, 0, 0, 1, 0, 2, 0, 4, 1, 0, 2]",25,-1.1484656154193904
212,"[1, 1, 1, 0, 1, 0, 1, 0, 4, 1, 1, 3]",25,-1.042222806552974
213,"[1, 0, 0, 0, 1, 0, 1, 2, 5, 0, 0, 0]",25,-0.205947373112268
214,"[0, 1, 0, 0, 0, 0, 1, 0, 4, 2, 3, 3]",25,-0.7798220239870538
215,"[1, 1, 0, 0, 1, 1, 3, 0, 3, 1, 1, 3]",25,-0.9070172362010166
216,"[1, 0, 0, 0, 1, 0, 2, 0, 5, 1, 2, 3]",25,-0.8385627360666204
217,"[1, 1, 1, 0, 0, 1, 4, 0, 4, 2, 3, 4]",25,-0.7156147974415158
218,"[1, 1, 1, 0, 1, 1, 1, 0, 1, 1, 0, 3]",25,0.05591865336988415
219,"[1, 1, 1, 0, 1, 1, 4, 2, 4, 1, 3, 4]",25,-0.7720662816934725
220,"[1, 1, 1, 0, 0, 0, 2, 0, 3, 4, 3, 3]",25,-1.2786851522712512
221,"[1, 1, 1, 0, 1, 0, 1, 2, 3, 0, 0, 2]",25,-1.1374262220065365
222,"[1, 1, 1, 0, 1, 0, 2, 2, 4, 1, 1, 2]",25,-1.063316182171252
223,"[0, 1, 0, 0, 0, 0, 3, 0, 3, 2, 3, 4]",25,-0.7277179144243001
224,"[1, 1, 1, 0, 1, 0, 1, 3, 5, 0, 1, 2]",25,-0.8848613301444785
225,"[0, 1, 1, 0, 1, 0, 2, 2, 3, 1, 1, 1]",25,-1.2334818325164214
226,"[1, 1, 1, 0, 1, 0, 1, 0, 3, 1, 2, 4]",25,-0.9411399299054918
227,"[1, 1, 1, 0, 0, 1, 1, 4, 4, 2, 5, 4]",25,-0.6710340064667902
228,"[1, 0, 0, 0, 1, 1, 1, 0, 4, 1, 2, 2]",25,-0.6769712188153284
229,"[1, 1, 1, 0, 1, 0, 1, 3, 4, 0, 1, 2]",25,0.08835702327757976
230,"[0, 0, 1, 0, 0, 1, 1, 0, 3, 2, 5, 4]",25,-0.8532051679205084
231,"[1, 1, 0, 0, 0, 1, 2, 0, 3, 1, 0, 1]",25,-0.7446277699175096
232,"[1, 1, 1, 0, 1, 1, 1, 2, 3, 0, 1, 2]",25,-1.2000192326278325
233,"[1, 1, 1, 0, 1, 1, 2, 2, 4, 0, 2, 3]",25,-0.17345454364865764
234,"[1, 1, 0, 0, 1, 1, 2, 2, 3, 0, 0, 1]",25,-0.21235144176441187
235,"[1, 0, 1, 0, 1, 0, 2, 0, 3, 2, 1, 2]",25,-0.7616308636490557
236,"[0, 1, 1, 0, 1, 0, 2, 0, 4, 0, 1, 2]",25,-0.45316328992238697
237,"[0, 1, 1, 0, 1, 0, 1, 4, 4, 0, 3, 3]",25,-0.8515220509262681
238,"[0, 1, 1, 0, 0, 1, 1, 4, 4, 1, 5, 3]",25,-0.9274826085204477
239,"[1, 0, 1, 0, 1, 0, 2, 2, 3, 2, 2, 2]",25,-0.48508559738428875
240,"[1, 1, 1, 0, 1, 0, 1, 4, 3, 2, 3, 4]",25,-0.5463552872690014
241,"[0, 1, 1, 0, 1, 0, 1, 0, 3, 0, 0, 1]",25,-0.9200180187023209
242,"[0, 1, 0, 0, 1, 0, 1, 0, 3, 1, 1, 2]",25,-0.6249337235921081
243,"[1, 1, 0, 0, 1, 0, 2, 2, 3, 2, 2, 3]",25,-0.6462520068371506
244,"[1, 1, 1, 0, 0, 0, 2, 2, 4, 2, 2, 2]",25,-1.0316368254841135
245,"[1, 1, 1, 0, 0, 0, 2, 2, 3, 2, 1, 2]",25,-1.1507167548560837
246,"[1, 1, 0, 0, 0, 0, 1, 0, 3, 2, 1, 3]",25,-0.8589196154979005
247,"[1, 1, 1, 0, 1, 1, 2, 0, 3, 0, 0, 2]",25,-0.5543236598503232
248,"[1, 1, 0, 0, 1, 1, 2, 2, 4, 1, 3, 4]",25,-0.8454170667971633
249,"[0, 1, 1, 0, 1, 0, 3, 2, 3, 1, 3, 4]",25,-0.6224102312337033
250,"[1, 1, 1, 0, 1, 1, 1, 2, 4, 0, 1, 2]",25,-0.8849367981087836
251,"[0, 1, 1, 1, 0, 1, 2, 0, 4, 5, 2, 0]",0,-0.996212684979067
252,"[0, 1, 1, 1, 1, 1, 3, 5, 3, 4, 2, 0]",0,-0.760230545849565
253,"[0, 0, 0, 1, 0, 0, 5, 2, 0, 5, 0, 0]",8,-1.2561621994276957
254,"[0, 0, 1, 1, 0, 0, 2, 4, 0, 4, 3, 1]",8,-0.6400447684197916
255,"[0, 1, 1, 1, 1, 1, 3, 0, 4, 2, 2, 0]",0,-1.0798461168447355
256,"[0, 0, 1, 1, 0, 1, 2, 5, 1, 5, 5, 1]",8,-0.6184386797975305
257,"[0, 1, 1, 1, 1, 0, 1, 3, 1, 5, 2, 0]",8,-0.6626453203180346
258,"[1, 0, 0, 1, 1, 1, 2, 0, 3, 4, 0, 0]",0,-1.2182513993567559
259,"[0, 1, 1, 1, 0, 1, 3, 0, 5, 4, 5, 2]",0,-1.1736662677687308
260,"[0, 1, 1, 1, 1, 1, 3, 2, 5, 5, 5, 1]",0,-1.2139854901412244
261,"[1, 0, 1, 1, 1, 0, 1, 2, 4, 5, 0, 0]",8,-0.8481855686907014
262,"[0, 0, 1, 1, 0, 1, 1, 3, 1, 5, 3, 1]",8,-0.693923809557602
263,"[1, 1, 0, 1, 1, 1, 4, 0, 5, 0, 5, 2]",0,-1.1759132519804252
264,"[0, 1, 0, 0, 0, 1, 5, 0, 4, 1, 5, 2]",0,-0.8533644837516384
265,"[1, 0, 1, 1, 0, 0, 1, 3, 1, 5, 3, 0]",8,-0.9687383287377134
266,"[1, 1, 1, 1, 1, 0, 2, 0, 4, 4, 3, 0]",0,-0.6110004318384513
267,"[0, 1, 1, 0, 0, 0, 5, 0, 4, 4, 5, 2]",0,-0.6942578853006494
268,"[0, 0, 1, 1, 0, 0, 2, 3, 0, 4, 3, 0]",8,-1.0725619758029485
269,"[1, 1, 1, 1, 0, 0, 4, 5, 0, 5, 1, 0]",8,-1.0063625037154098
270,"[0, 0, 1, 1, 0, 1, 1, 3, 0, 4, 2, 0]",8,-0.8494454478781017
271,"[1, 1, 0, 0, 1, 0, 3, 0, 4, 4, 5, 2]",0,-0.6581503989240974
272,"[0, 1, 0, 1, 1, 0, 1, 4, 1, 5, 2, 1]",8,-1.150242575834071
273,"[0, 1, 1, 1, 1, 1, 4, 0, 3, 4, 1, 1]",0,-0.922608709974309
274,"[0, 0, 0, 1, 0, 0, 1, 4, 1, 5, 3, 1]",8,-0.4216724407107142
275,"[0, 1, 0, 1, 0, 0, 2, 3, 1, 5, 2, 0]",8,-0.8523091573356717
276,"[1, 0, 1, 1, 0, 0, 4, 5, 1, 5, 2, 0]",8,-1.027874748994078
277,"[0, 0, 1, 1, 1, 0, 2, 3, 0, 5, 2, 1]",8,-1.035727019736161
278,"[0, 0, 0, 1, 1, 1, 5, 0, 3, 5, 0, 0]",0,-0.7799594943452098
279,"[1, 0, 1, 0, 1, 0, 4, 2, 5, 5, 3, 2]",0,-0.7048401206826725
280,"[0, 1, 1, 1, 0, 1, 1, 5, 0, 5, 5, 1]",8,-0.8735339935616615
281,"[0, 0, 1, 1, 1, 0, 2, 3, 0, 4, 1, 0]",8,-0.830609683236089
282,"[1, 1, 0, 1, 1, 1, 3, 0, 3, 2, 2, 1]",0,-1.0387890124799113
283,"[0, 0, 0, 1, 1, 1, 4, 0, 4, 5, 1, 0]",0,-0.11544161652223403
284,"[0, 0, 1, 0, 1, 1, 5, 2, 3, 1, 3, 0]",0,-0.6223209616592206
285,"[1, 1, 1, 1, 1, 1, 5, 3, 4, 5, 2, 0]",0,-1.0120833379409306
286,"[1, 0, 1, 0, 0, 1, 5, 2, 5, 5, 5, 0]",0,-1.0515319962962586
287,"[0, 0, 0, 1, 0, 0, 2, 3, 1, 5, 2, 0]",8,-1.0088545733509886
288,"[0, 1, 0, 1, 0, 1, 4, 3, 1, 5, 1, 1]",8,-0.3961823470550436
289,"[0, 0, 1, 1, 0, 0, 4, 4, 3, 4, 1, 0]",8,-0.6191521359602016
290,"[0, 1, 1, 0, 1, 1, 2, 0, 0, 5, 2, 0]",0,-0.9104154382399661
291,"[0, 1, 1, 0, 0, 0, 5, 0, 5, 5, 5, 3]",0,-1.2538220167963319
292,"[0, 0, 1, 1, 0, 0, 5, 4, 0, 5, 2, 1]",8,-1.0444593826784163
293,"[0, 0, 0, 1, 0, 0, 1, 3, 5, 5, 3, 2]",8,-0.9815634426917689
294,"[1, 1, 0, 0, 1, 1, 5, 0, 5, 4, 5, 1]",0,-0.7618565894146807
295,"[1, 0, 1, 0, 1, 0, 5, 0, 4, 4, 2, 2]",0,-0.6273920757556573
296,"[1, 0, 1, 1, 1, 0, 4, 5, 1, 5, 2, 0]",8,-0.9627993187908572
297,"[1, 1, 0, 0, 1, 1, 4, 2, 5, 1, 5, 3]",0,-1.2193885348011382
298,"[0, 1, 1, 1, 0, 0, 5, 5, 3, 5, 2, 1]",8,-0.2387709278454766
299,"[0, 0, 1, 1, 1, 0, 2, 5, 0, 4, 2, 0]",8,-1.1882406165914219
300,"[0, 0, 1, 1, 0, 0, 2, 5, 3, 5, 5, 1]",8,-0.7688132409862009
1,"[0, 1, 0, 1, 1, 0, 2, 5, 1, 2, 3, 3]",random,-1.3033166841382022
2,"[1, 1, 1, 0, 0, 0, 3, 0, 0, 5, 0, 4]",random,-1.2783875876769004
3,"[1, 1, 1, 1, 1, 0, 4, 3, 0, 2, 1, 3]",random,-1.2839363714073888
